時間戳記,職場壓力話術／內部對話片段,你內心真正想說的話
2025/5/15 上午 10:20:44,"最常聽到的是：「這責任額不高啦，大家都做得到了，就差你了」、「你這樣年終可能不保喔」，還有一句幾乎每次IPO都會聽到的：「錢自己準備好，必要的話就信貸一下，不然這季怎麼過？」

曾經有個主管在晨會上直接講：「某某上次達不到就是因為不夠努力，人家XX就自己買了 300 萬，你們連一半都不到，是怎樣？」講得像不達標就是不努力，問題是根本不是人人家裡都有錢可以這樣扛。還有一次，分公司經理說：「你們不想做就講，我可以叫新人來頂，現在一堆人搶這個位置」，這種「不做就滾」的話術，其實每一場IPO開賣前都在我們心裡埋下一顆炸彈。

我也聽過很誇張的，某券商有個理專被叫去經理辦公室，主管淡淡地說：「你這次沒達到，我把你上次報的客戶名單重新分給別人處理囉，這樣你比較輕鬆。」實際上就是直接把客戶剝奪給別人，沒達業績就會失去過去耕耘的成果。當場那個同事沒哭出來，但整整一個月都低頭沉默，氣氛超壓抑。","說真的，我已經很久沒有覺得自己是個「正常工作的人」了。在這個產業，我們的價值不是被當作專業顧問看待，而是像被逼迫販賣業績的工具。每次IPO來的時候，大家都要先確認「自己準備了多少錢」，不是幫客戶選好產品，而是先確保自己可以補多少洞。

我想對公司說：你們看到的是回單跟總銷數字，但你們有看到我們每天為了那些數字，壓力大到吃不下睡不著的樣子嗎？你知道我們裡面有人為了責任額去貸款、去質押保單，甚至把自己的儲蓄清空嗎？你知道有人被當眾罵「丟公司的人」之後就請假三天，沒講一句話，只說「想靜一靜」嗎？

主管們說：「這就是行規」，但你們從來不是真的在現場call客、跑拜訪、處理客戶的抱怨。你們拿著回單笑，我們在後面哭。你們說這是目標管理，我們看到的是恐嚇式PUA。你們在KPI報告會上說「我們分行很拼」，但你們有沒有想過，我們拼到最後只剩一張醫生診斷證明？

我不怕說這些，因為我相信如果大家都沉默，我們會一直被這制度踩在腳下。我們不是不願意努力，我們只是希望這個行業能把人當人看，而不是一個可以隨時補上責任額的數字產出機器。

所以，如果可以匿名說一句話，我只想說：

「我想好好工作，不想靠信貸生存；我想被當作人看，而不是一個被逼買單的業績工具。」

如果你們還有一點點良知，請你們停止用責任額制度剝削人，停止用假象的獎金制度操控人。讓我們重新找回尊嚴與價值，不要讓這份工作變成讓人得焦慮症的根源。"
2025/5/15 上午 11:23:39,主管在他的私人辦公室對某同事大吼：不然你去告我啊！你這麼厲害你去告嘛！？全辦公室都聽得到的聲音，只因為同事去爭取被移轉出去的客戶的權益,從來沒有遇過這麼過分的主管，最近因為IPO事件才有所收斂，但仍然在晨會明示暗示我們不要給他惹事不然他不會讓我們好過
2025/5/15 上午 11:25:29,業績做不到年底考績怎麼打？最近要做行員適評性，乖一點吧！,"銀行不是保險公司
不要再逼我們賣保險了
主管沒什麼了不起
只是你們比較會阿諛奉承
所以沒實力的主管請閉嘴"
2025/5/15 上午 11:25:55,其他人都做得到，你為什麼做不到，那你要檢討自己的問題嘛！,每次都用恐嚇的話語，就像氣球一樣，過分的擠壓會導致壓力爆開
2025/5/15 上午 11:28:10,1.我沒有要你買！我要你去行銷！ 2.大家都做到了，為什麼你現在都還沒做到？ （一直以約談的名義實則逼到讓你自己買，因為沒有直接說出要你買，所以持續老神在在）,不要逼迫我們自己買，不要當成考核之一！我們薪水很少，平常事務工作也是花體力花精力賺錢來的！我是來賺錢的！不是來買工作的！要行銷我可以！明明投資基金，買保險產險都是有需求才會去做的事情，變成逼迫某個時段就要達成目標、案件數，如果不自己買，有辦法在這時間點達到嗎？投資本來就是你情我願，為什麼投資變成推銷客戶買？那賠了是不是客戶可以投訴？是你逼我去買的！信用卡也是！真的就沒客戶！大家都是辦了就剪，互相交換！甚至花錢買卡的！到底有什麼意義！
2025/5/15 上午 11:28:42,某券商常以身上的資源都是公司給的隨時都可以拿回、你不經營我直接轉走客戶、ipo不達標留下來call客表以外還把營業員跟客戶錄音在公眾場合播出、只會縱容業績好的營業員業績不好的處處針對（舉例：每次開會當眾拉出你檢討）,主管不會帶人常以施加壓力對待營業員，應該以公平原則對待營業員，不要只會欺負新人、資深的員工不敢得罪
2025/5/15 上午 11:35:37,某些主管：你只做個幾萬不太好吧？不要覺得有做就好，敷衍了事，那會反映在你的考績上。,才進銀行2個月，領到實際的薪水還沒有責任額高，試用期都還沒過就要扛責任額，我都不用生活不用吃喝拉撒嗎？每天忙得要死還要被情勒說ipo影響考績，那我平常的努力算什麼回事？我當然想幫分行，但誰幫過我？想要有好的業績是這樣語帶威脅的要求自己的員工嗎？我是家裡有礦還是祖產太多？可以一進銀行就瘋狂買買買？一檔接著一檔，永遠做不完的責任額會不會造成負面反效果？反正就多花錢考績就好，有的同事覺得反正薪水都要買ipo上班就隨便做，這真的是職場良好的風氣嗎？
2025/5/15 上午 11:41:22,第一金證券某主管教授用「話術」二字來讓客戶投入購買ETF，客戶是我們營業員在經營維護，而不是用坑蒙拐騙直銷方式誘哄，話術、話術，違背操守、人品，這與詐騙集團無異；實在可惡！,第一金證券標榜幸福企業，實際上確是不實，在銷售ETF這一塊上，主管只會一昧要求下屬全體營業員使命必達，自己卻絲毫不出，自私行徑，實在可惡！
2025/5/15 上午 11:47:23,沒做到，對不起其他有做到的同事，所以要移轉你的客戶補償給其他人,不要包山包海，每檔IPO都要承銷，每檔距離近不說類似的都擠在一起
2025/5/15 上午 11:48:37,ipo未達標就是拿資源不做事，0%跟99%一樣是都未達標，未達100%就抽走你的前五大客戶。,鳥券商的蓮花就是欺善怕惡，不平等待遇，獎勵說了從沒實現，只會恐嚇懲處，當配合的員工都是傻子。硬性規定要買自家人的爛禮盒，圖利。
2025/5/15 上午 11:48:53,"某主管說請業務員自行購買保險
讓業績達標 也算是給公司保護費合理",其實只是想要學習讓自己成為客戶可以信賴的理財專員而非為了壓力而銷售不當的商品給客戶成為很像詐騙集團的一分子
2025/5/15 上午 11:55:02,我以前的主管都把他自己的責任額度分配給所有的營業員，然後說不管用什麼辦法一定要達成，還沒開始募集就要承諾會達成，沒有承諾百分百的，每天問進度、寫扣客表、主管辦公室約談，看是要找金主，或是自己去貸款，反正不管用什麼辦法一定要達成。只要募集的商品一出來，還沒開始募集壓力就排山倒海了，有兩個老同事，這樣被逼走的，竟然不是因為我們的本業，是為了IPO，然後主管自己都不買,商品可以發，可以訂目標，但不能強迫達成率，並不是所有的商品客戶都買單！然後獎金發得很少，越上層越肥，把營業員當搖錢樹剝削，這樣可以嗎？
2025/5/15 下午 12:05:17,上一檔IPO沒做到，這一檔開募時，主管走到我身邊說：你上次欠我五十萬這次要補喔,"我就想問我清清白白乾乾淨淨的進公司上班，怎麼就負債了？我領$30,000的薪水，怎麼我不賣IPO就「欠你50萬」了？？這是證券還是黑道，每個月都來跟我收保護費，沒有管產品好不好會不會賺錢耶，你要我吞我就得吞下"
2025/5/15 下午 12:09:27,主管說 如果跟客戶有一腿有業績 不如就為了業績犧牲自己,我是來自己學習投資理財 也希望學到後幫助客戶有健全的理財觀點 不是來當詐騙集團的
2025/5/15 下午 12:16:55,"同事：沒有客戶符合專業投資人。
主管：我知道你沒有，但你還是要想辦法生出來",為什麼做業務一定要用騙的？商品好的話，自然有人會買
2025/5/15 下午 12:25:42,雞雞證券南部某主管：這就是公司任務使命必達沒有藉口客戶不買就暗示明示自己買單，表示自己也是累積賠不少，誰不是這樣做,出國你們去，高額獎金績效獎金你們領，還不時帶性暗示的神情與言語表示營業員可以靠外型去吸引客戶，我沒有對公司很不滿但我對現任主管很厭惡
2025/5/15 下午 12:40:20,有錢的國度證券，離陽明大學不遠的分公司，會要求這一次的ETF做不到，把做不到的部分灌到下一次的ETF補回來。例如：這次要做200萬，但只達成150萬，不足的50萬，等下次的扣打出來（如果也是200萬）加到下次的扣打裏（200+50=250萬），做不到會個別請到經理室關心業績狀況，有好的資源（大客戶）也會撥給很會賣財管商品的超業或是前經理人的親戚營業員,營業員出來賺錢養家養公司，好不容易賺到的辛苦錢，都要拿出來run公司的每個月每項扣打（基金、ETF、海外債、投資型保單、FCN），高層領高薪，營業員賠獎金。就連每年尾牙還要號召員工表演節目給高層娛樂，真的很懷念以前照顧員工的萬財老闆。還有，不要有營業員離職就把資源撥給前經理人的親戚營業員好嗎？對盡心盡力達成扣打的營業員們公平嗎？常常在那邊話術演練，話術客戶去買目前的扣打產品，客戶買到的商品是不是自己想要的？安全的？還是公司想賣的？風險高或低的？
2025/5/15 下午 1:30:42,"某券商某主管說：
連30萬都沒有辦法自己做IPO 要我借你錢嗎？","如果個人的基本績效都已達標
就不要再逼 保險 債券 IPO 的業績了 "
2025/5/15 下午 1:36:34,"主管說：我不相信你IPO連10萬都騙不到
拿著你營業員的名片會騙不到10嗎？
如果騙不到，表示這個行業不適合你
請你可以考慮離開","我從業30幾年，第一次感覺自己是詐騙集團
什麼時候我的業績需要去騙客戶才能完成😭
每次IPO上市
都比我自己買壓力還要大
怕對不起從頭到尾這麼挺我的客戶"
2025/5/15 下午 1:58:50,公司就是被你們拖累的/ 公司不養冗員/ 資源分配本來就是不公平但你們就是要做出同樣的業績 /業務員是責任制，超時沒有加班費，有本事做出成績不然下午晚上假日也要去訪客啊/假日節日還要收到主管訊息KPI施壓，根本沒有喘息的空間/每天早上下午都在碎念講大道理情緒勒索，做不到抽資源換別人經營，你知道你很危險嘛，ipo沒達標績效考核會很不好/客人股票下單跟你們業務員沒有關係，只有財富管理才是你們的價值/沒數字就說你很危險喔 會被約談喔 有可能會輔導 被資遣喔 之前最後一名的人現在卻莫名拿到資源變成前幾名 這有公平嘛？,"拜託 我們不是24小時工作機器人誒
無時無刻都在情緒勒索 早到晚 包含假日
還要收到訊息檢討 追蹤 請問你要付我加班費嘛
特休還要看你臉色 kpi沒達標還要被你酸
你自己也說資源分配本來就是不公平 
那憑什麼要求我們做到相同的數字KPI
起跑點就不一樣了不是嗎 數字為王其他為屎嘛
說得一頭好道理 但你們真的有把業務員當人看嘛
還是無法創造數字的就滾 說了這麼多也沒實際方案 只會Call客 你跟客人交情不好 客人不願意幫你
有時候還真的覺得這些客人真的很悲哀誒
金融業有些主管 高官根本就是沒把員工當成家人只是當成免洗筷沒用就丟 真的氣死人
"
2025/5/15 下午 2:41:41,「某主管」不守信用，有營業員自掏腰包買（保險、申購IPO基金及申購ETF)之後還被資遣，主管所說的績效都是他們說的算，分數都「主管」在打，「主管」想資遣誰就資遣誰，在我眼裏主管所說的績效都是騙人的！,"我們做業績都是上面的在享受
做的好是應該的，做不好只會威脅恐嚇
業績、壓力都是我們在扛
升遷的是他們、出國的也是他們
真的很不公平！"
2025/5/15 下午 2:49:46,某聯x金 個金貸款 主管 不做財管績效獎金會變少 大家都有做 你不能不做,明明是個金貸款還要綁協銷保單ipo 不是嚴禁貸款買產品嗎 個金業務也沒有證還要協銷 恐嚇客人不買就利率變高 手續費變高 違法算誰 
2025/5/15 下午 3:03:29,"投資型保單很棒的被動收入，有7-8%，可以用房子借款出來買

下午留下來打20幾通電話
還會去聽錄音，看你有沒有真的打電話出去銷售，這個手段好幾年前就有

IPO ETF 可以很好拿獎金，為什麼還掛蛋

（其實很不想說，還有很多很多被打壓，被情勒，怕寫這些，萬一曝光，就沒了工作）","從業20年超過，以前的年代是賣基金，但近幾年的ipo真的太誇張了，責任額幾百萬，甚至要求到千萬也有，然後破發，客人都是捧場買的，虧了幾次之後，捧場的人越來越少
去年下旬下半年幾乎一個月1-2檔
有時根本還來不及教育訓練，就要報額度，最好第一天都能達到100%
每次都一定要達成全公司的額度
這到底是誰規定的，這麼爛的東西為什麼要強迫我們去銷售
根本不需要什麼專業，我們只是銷售的機器
無論是股票債券或主動式的ETF賣就對了
從兩年前身心壓力之下也去看了醫生
每天需要吃藥睡覺,恐慌焦慮的情緒時常伴隨
我知道情緒生病了
證券業也生病了，但是沒有人會去檢討
只有營業員不斷被檢討，別人可以為什麼你不行
同事抱怨歸抱怨，額度一下來還是做到滿甚至超過，我只能說客人真好騙
因為大家都想要繼續工作，所以很拼
但這樣子會讓公司得寸進尺
無限的發行
最後終究會是一場災難
很高興終於有同業肯出來發聲
終於覺得有靠山的感覺"
2025/5/15 下午 3:28:21,銀行IPO和基金業績是一定要做到的，沒有做不到這種事，客人不買，就是你自己要買。,賺到的錢都拿去買銀行IPO和基金了，股市大跌全都套牢了
2025/5/16 上午 12:24:07,某投信投顧主管的職場言語及精神霸凌：1.業務沒有報單就是沒有價值 2.公司產品即使是垃圾也能是黃金，不然公司請你來幹嘛？ 3. 工作是外勤拜訪，業績不好，主管心情不好就臨時要求趕回辦公室開會，還要求開視訊確認所處位置 4.時不時口頭威脅要對業務啟動pip計劃 5.主管以業績不好、藉故查勤當理由，動不動開口必要時以絕對離職辦理  6.臨時要求產品演練  7.威脅要以公司內規訂定業務守則規範，以規定訪客次數及辦理說明會次數  8.外部分行或分公司的早夕會上課所產生的交通時間都在非上班時間內，公司從未給付過加班費  9.要求參加晚上的銀行或券商餐會活動，也從未給付過加班費  10.莫須有栽贓及怪罪業務，縮減年終獎金或季獎金。,1.照勞基法規定還給員工有制度有尊嚴的工作制度，加班費正常給付，工作時數合理化。2.主管勿以言語威脅離職、及言語暴凌  3. 公司調整距離超過原住址超過30公里，應該提供勞基法相關勞工保障，提供配套措施。
2025/5/16 上午 12:53:27,沒有,銀行主管不要再訂IPO目標。不要什麼業務都要理專做，存款、貸款、貸轉投、做不到就扣KPI
2025/5/16 上午 2:42:02,某大金控南部大點負責人，會在會議中對全體同仁用充滿壓力的言語負面輸出，如：做那麼爛、不要當拖油瓶、扯團隊後腿、心裡要有數等等，造成每每會後同事間氣氛沉重壓抑。並且也會在訊息中使用：高層震怒，等用詞來施壓。,負責人往往用懲罰恐嚇鞭策同仁前進，而非正向的力量，與公司理念背道而馳，此為上行下效，公司理念用語形同虛設
2025/5/16 上午 2:59:52,"OO證券OO分公司在114年O月O日下午3點全體營業員會議中，單位主管OOO協理說邀請‘’神秘嘉賓‘’蒞臨做經驗分享，該名神秘嘉賓是營業員，為OO分公司OOO先生，他說他們分公司很多營業員都貸款買責任額商品，建議我們也可以這麼做，還可以介紹認識的貸款專員給我們。

在OO證券OO分公司會議室內正式營業員會議中提出這樣的經驗分享，請問是否恰當？

會後私下確實有營業員同事表達想去辦理財型房貸或信貸買責任額商品

證券業這樣的職場文化令我心寒","對於定時定量要求達標的責任額
有檢討制度的必要"
2025/5/16 上午 3:21:10,"營業員小組會議約10人開會
組長說有人願意貸款完成公司商品責任額（壽險基金等等），對其他沒做到的人來說，你們是否感到‘’‘虧欠‘’’？你們沒有達標沒有‘團隊精神’！沒有‘責任感’！不負責！

‘’責任額‘’就當做是在‘’菜市場上擺攤‘’，要付的‘’清潔費‘’，貸款買進商品再賣出付完就好，自己再從別的業務賺錢就好了啊！

責任額只是地板，基本要求","責任額有檢討必要
制度生病了"
2025/5/16 上午 4:13:11,"某某證券某分公司月會
（前後全員参加）
臨時動議某營業員舉手發言：
‘我自己貸款買公司商品達到責任額，願意自己買單，公司是否應該給配我更多客戶，補貼我的付出，我挺公司，公司挺我’","證券業真的病了
月會太瘋狂......"
2025/5/16 上午 8:52:49,「妳裙子穿得比別人短，責任額跟其他男生一樣不覺得愧疚嗎」「你是女生要會利用自己優勢」「女生怎麼可能賣不出去是妳要不要而已你知道方法的」,去死吧
2025/5/16 上午 8:55:16,華X女主管,ipo檔檔要員工達成，好還要更好，務必達成是她的口頭禪，不是總數達標即可，都要100多%以上，踩著員工屍體往上爬，每年都期待升官發財的夢！
2025/5/16 上午 9:30:46,"這個月到現在，市場上那麼火熱，你的數字落後，你到底卡在哪裡？為什麼沒有成交
客戶A你跟他目前聊了什麼？
如：債券。營業員回答：客戶考量匯率跟價格，要再等等
主管回答：現在就是債券甜甜價，現在買不用考慮了。匯率：10年平均匯率30.7元，就算給你換到32元，債券的資本利得可以cover匯率損失啊。所以，客戶到底為什麼不跟「你」買



這個客戶有成交什麼？都沒有成交的話，連PI都沒辦法續約，那移轉客戶，讓別人去call



工作如果不要做，你可以直接說

","公司制度已傾斜獨厚某部份人，單位主管又偏心，對業務同仁大小眼極度嚴重。
只要不是愛將，數字暫停時就問為何沒有數字？每天都不知道你們在做什麼"
2025/5/16 上午 9:36:59,"1、落實call客，總公司追蹤每位同仁的進度（名單已寄至 信箱）
2、達500萬不追蹤
3、針對落後同仁，客戶名單移轉
4適當人力調整","討厭每天被威脅把你的客戶轉走，或是你不適合這份工作趕快考慮轉跑道

那他自己來call看看誰要買這些，ETF "
2025/5/16 上午 9:39:10,做不到就移轉客戶,帶人帶心
2025/5/16 上午 11:27:05,你沒做到的話，工作還要不要,責任額都快要三個月的薪水，還要被迫買商品
2025/5/16 下午 12:00:56,負八證劵,公司的高層吃香喝辣，薪資動輒千萬以上，隨意的一句震怒…底下的第一線人員就得檔檔的IPO 百萬以上達標，出錢賠錢都不關他們的事…他們只管領錢，這種惡行主管機關還能縱容嗎
2025/5/16 下午 1:38:24,被主管公開指責到底有沒有來上班,"公司不是家𥚃 在公司大小聲是職場霸凌
金融業必須改革 既得利益者的共犯結構
希望像美國制度以客戶績效為導向 不是手續費為導向"
2025/5/16 下午 2:47:01,"主管明示暗示責任額100%要達到
做不到就自己想辦法
檔檔破發之下沒有客戶要買
自掏腰包自己全部買了160萬
還被主管嘲諷：這樣的環境不適合你，你可以盡早離職","我自掏腰包全買100%，讓主管櫃管在總公司得到表揚，（主管還有另外的績效獎金）
還要被主管貶到豬狗不如
主管得了便宜還賣乖
左右為難是叫我去死嗎😭"
2025/5/16 下午 3:07:50,長官：別人做得到為什麼你不行。曾經以-8為榮但我真的盡力了。,中年真的很難被公司氛圍弄得心力交瘁，一直懷疑人生。以為關關難過會關關過，壓力就是動力其實不然，壓力並不會成為動力只會成為你的病。然後你把這些壞情緒帶回家裡也直接影響到家庭變得心力交瘁，然後推薦的ETF檔檔破發愧對信任自己的客戶朋友，想說自己買能交代就好但每檔都破發比如-8發的免疫生技15元到現在的6.2...真的很難跟朋友交待。我不知道這病態的IPO責任額能否終結我只希望我推薦的ETF客戶能少賠點。
2025/5/16 下午 3:30:19,做不到就要檢討為什麼別人做得到你做不到？,都已經達到妳訂的手收目標了 每個月要求300%400% 妳怎麼不自己做啊🙄
2025/5/16 下午 4:31:01,一個月才出2件保單，妳以為妳很厲害嗎？,馬的⋯有事嗎？
2025/5/16 下午 4:50:36,找不到客戶就自己買一買，反正xx天後就可以出場了,公司給的投資專業培訓根本不夠，剛入行不到三個月就被理專同事當肥羊宰，糊里糊塗簽下信託總約，詢問用途時負責的理專同事眼神之鄙夷、答覆之簡短不耐，讓我忍不住心想「你對不了解信託的客戶也是這種嘴臉嗎？」試用期還沒過就要揹10萬元IPO責任額，當時我甚至連IPO是什麼都還完全不懂。各種被吃豆腐，明明職等不夠擔任的職務，硬被叫去做；內控不夠嚴謹，有一次分行間調度金幣實物，主管都先把調入的金幣拿給客戶了才叫經辦來點收，是點收個屁？然後月月IPO，做不到就直接在晨會一一點名公審，role play從來不事先告知練習哪一項產品，想到什麼就做什麼是要play個屁？然後因此表現不好就再鞭一頓，不教而殺。有些主管更明目張膽叫行員自掏腰包購買買足責任額，每次都是5-10萬不等，每次都只會說無關痛癢的「等到有賺再出場」。金融業盲目追求手收已經很久，我就想靠北我是銀行員，不是專賣保險的業務員，更不會因為收入還算可以，就隨時能吐出五萬、十萬。這個體制真的生病了，根本很少人真正為客戶的需求和權益著想，哪檔手收高就推那檔，還有一絲良心的從業人員遲早會被逼出一身病。
2025/5/16 下午 11:05:28,"定時定量的恐嚇強制交出業績
（ 壽險／基金）
證券 同事 都被迫接受 
做不到的被要求信貸 
沒完成責任額被主管說是‘’ 打混‘’
說‘’銷售是業務的天職 ‘’
金融犯罪不是只有詐騙行為
主管的恐嚇強制也是屬於一種金融犯罪
我現在終於懂了
在這家劵商做了24年營業員
默默承受了這麼多不該承受的壓力
為自己感到悲哀
以為工作就是要忍辱負重.......
就是為了生活要聽主管安排

今日的金融業證券公司是個‘’犯罪淫場‘’
我看不到對營業員的尊重
只有疲勞轟炸式的詢問
什麼時候可以完成責任額？
什麼時候可以交出業績？
把辛苦賺來的錢
再被迫買單責任額虧損掉
看似光鮮亮麗的證券營業員
好像賺很多
實則虧不少
我們有苦難言...........","定時定量的恐嚇強制交出業績
（ 壽險／基金）
證券 同事 都被迫接受 
做不到的被要求信貸 
沒完成責任額被主管說是 打混
說銷售是業務的天職 
金融犯罪不是只有詐騙行為
主管的恐嚇強制都是屬於一種金融犯罪
我現在終於懂了
在這家劵商做了24年營業員
默默承受了這麼多不該承受的壓力
為自己感到悲哀
以為工作就是要忍辱負重.......
就是為了生活要聽主管安排

今日的金融業證券公司是個‘’犯罪淫場‘’
我看不到對營業員的尊重
只有疲勞轟炸式的詢問
什麼時候可以完成責任額？
什麼時候可以交出業績？
把辛苦賺來的錢
再被迫買單責任額虧損掉
看似光鮮亮麗的證券營業員
好像賺很多
實則虧不少
我們有苦難言..........."
2025/5/17 上午 2:36:17,"OO證券OO分公司晨會
主管說：做不到責任額就是擺爛！打混！","我是從業24年OO證券營業員
24年前和公司簽的勞動契約是
證券期貨營業員
做受託買賣的工作
我不懂為何現在定時定量需要交出壽險ipo基金變成我的責任
沒有完成就是‘’擺爛打混‘’
就被冠以‘銷售是營業員天職’的說辭
要求貸款達標
100%要完成責任額
並且額度一直提高
頻率也越密集
OO金控獲利王竟是員工血汗錢堆積出來的
真是可悲啊！"
2025/5/17 上午 2:40:08,"做不到不能公出，下班 回來開會
不分配自來戶
被叫進小房間","我是來上班賺錢的不是花錢買工作的
上面賺飽飽連經理人都不用包扣打"
2025/5/17 上午 2:45:53,"責任額什麼叫做責任額
只有營業員有責任
長官都沒有
簡直就是吸血的公司
沒有績效的投信也可以拼命的破發ETF
 主管機關 圖利財團","ETF的回單應該是回到營業員身上
不是法人部"
2025/5/17 上午 3:07:17,"特許的金融業
養出了一群特許的金融流氓主管
對於未完成責任額的營業員
在公司晨會月會等公開場合
拿著麥克風
大罵：‘’沒有羞恥心！‘’沒有榮譽感！‘’","特許的金融業
養出了一群特許的金融流氓主管
對於未完成責任額的營業員
大罵：‘’沒有羞恥心！‘’‘沒有榮譽感！""’
職場文化惡劣至極
讓我身心疲憊"
2025/5/17 上午 4:26:42,我就不相信，做那麼久的營業員了，連1張都賣不出去，以為你可以安心待退喔？,多點同理心，少用脅迫的方式發言
2025/5/17 上午 4:37:08,使命必達,"主管不錯,但-8要求越來越多"
2025/5/17 上午 7:03:00,基金募集、IPO下來，主管詢問是否有目標名單、後續要是目標客戶無意願，主管表示已將目標名單購買量納入，需再找或自行消化。,一年不知道幾檔，拿去買的金額都是至少幾個月的薪水。想不到銀行行員任職業務本業做好只有60分，考績看你的業績、業績達成100%不夠，大家都是120%，年度分配業績達成還是不夠，每月都要出單。可以去看看紅色公股銀行每間分行非理專行員一年背的業績有多高，人人百萬，放款職務業績更高，不含保險手續費收入需達幾百萬。本業斷層越來越嚴重，總行不檢討，而是各種人才全部給我去做理專賣保險！金管會看不到行員協銷，因為怕被抓改成客戶經營，全員行銷打電話，本業工作做不完，行銷電話打不完，打不完還要每週開會、忙到沒空開會簽到，到時候就讓你在全行面前分享如何經營推銷客戶買各種商品，每個人都有自己的客群名單，名單客戶不買單，想辦法拉關係讓客戶購買產品創造手續費收入，銀行業痛苦指數越來越高越來越可笑。你說業績高領的也多合理，營收創新高，獎金創新低，整包加起來領有6個月嗎？？？
2025/5/17 上午 7:47:04,"1.你們就完成你自己的目標 團隊是大家的 每張能多賺多少 你家人明天會發生什麼事你都不知道 錢要先存起來
2.你們若不完成 後線可能要被裁員 你們要讓他們被裁掉
3.沒完成的 你就不要請特休 我不會批 call報告每天交出來 業績不到的開始輪每日早會報告
4.你就去推 客人要讓他賺錢 這檔ETF多好你都不知道 
你賣客戶會很感謝你 賺錢他錢就一直搬來
5.同事賣不出去自己買 最後酸你 賣給客戶才是厲害啦 你能自己買多久 像我賣多少出去 （自己不幫忙總扣打，在炫耀自己能力很夠）


","業務不是不做 但老是叫我們買 都賠錢 做久也懶
主管眼光要放遠 帶人要帶心 自然出來幫你一起扛
公司有錢系統就提升一點 打仗槍炮都用爛的 能厲害到哪
別再用說極繁瑣的作業擾民  別再花錢買新聞"
2025/5/17 上午 8:17:03,男性主管喜好把笨蛋掛在嘴上,資深主管仗勢自己位高權重，喜歡把沒有的事，陳述給他人，說自己是受害者。原來這家公司都是這般照顧員工的
2025/5/17 上午 8:38:50,"00982A募集截止日的下午3點多
接到主管的line 電話，
一接通，熟悉的問候聲後 
隨即 變換語氣，群益的主動式ETF 妳怎麼掛零
你怎麼聽不懂人話呢！我不是一直跟你說不要掛零嗎？你知道公司上層對這檔很重視，你這樣後面我會很難處理耶！今天下午起要更新維護客戶管理系統每日至少10戶，並跟我回報今日財管客戶互動請況後才能下班。","IPO週週募，基金責任額月月300萬元
常常想這是正常的嗎？
主管機關怎麼會核准這麼多類似 的ETF
陸續發行上市，投資人真的會一直買單？
財管手收：保險、基金、海外股市、結構型商品
上午證券交易、收盤後的商品教育訓練、客說會投資講座，常常搞到下班時已是心力憔悴！
證券營業員VS 保險業務員 
同樣20年資歷   
資深營業員也得兼著是保險業務員
為了家人、生活，還是得撐下去"
2025/5/17 上午 10:11:22,你只有這樣的客戶嗎？為什麼其他人都可以到？還是你手上客戶全部都還我？,主管們只會賣自己有賺錢的商品，ipo這種沒賺頭的東西只會把自己的責任額分擔下去給基層業務
2025/5/17 上午 10:45:26,"1、客人來辦不限用途款項借貸，主管說先借給願意做IPO 的（心想：這樣還叫做不限用途嗎？）
2、做不到就拿你的實動戶，少10萬拿一個該月份做50-100萬業績的實動戶",自從來了一批被合併、踢出原工作、沒人要的所謂高層，IPO就變成惡夢了！這反IPO群組發酵後，身為主管的你才不逼百分百，部門一直有人離職，你從來就覺得那是他們的問題，他們做不到，會有別人做，殊不知他們一直拿自己的錢或家人的錢來買的，一直賠也不是辦法，為了底薪三萬的工作，他們說--不幹了最大...
2025/5/17 上午 10:53:05,4/28-4/30為永昌IPO募集，4/30發放績效獎金，理專30日客戶表示不願購買，經理要求理專自行購買，理專不願意經理大聲質問,月月基金、保險、IPO募集，主管分配下來，某些同仁壓力更大（主管表示某些職務資源多應負責更多扣打），每個人上班都是為了賺錢，曾幾何時參與購買只是為了讓主管閉嘴、不讓主管找麻煩，員工都要買，總行單位不用買、經理自己也不用買（除了某些經理是會自己帶頭買），行員一年薪水近百到破百萬，應該有30-40%都需要拿來自己做業績（主管：我們都是這樣，薪資高的代價就是要這樣，教你們資金入場再出來，跟著做，你的資金通常不會賠，賠也不會賠很多）。十幾到幾十萬投入，沒有百萬身價真的不敢踏進銀行業。層層剝削，總行各個部門下達各種不可能完成的任務，沒達到扣息扣息再扣息。你敢信今年的理財業績目標是去年的1.8倍嗎？每個月開會都說這次使命必達，試問哪個月可以不用達成？
2025/5/17 上午 11:53:26,"Q你要不要去問問看其他同仁都怎麼做到的？
A其他人都用自己資金下的。
Q那你客戶如果都不買單，是不是也要考慮自己下
A我才剛出社會沒那麼多錢
Q可以跟家人借呀，貸款利率也很低呀","為什麼責任額不是按職級來分配呢？我幾個客戶，資深同事幾個客戶？為什麼我們責任額一樣。
資深同事隨便都可以排在前面分資源戶，我怎麼做都超不過，排名一靠前，他們隨時都有資源可以在下，而我好不容易拜託的客戶一次次死在IPO，信任感完全失去，也分不到新的客戶，只會陷入死循環"
2025/5/17 下午 12:14:05,群益宜蘭分公司經理人陳美如霸凌員工，而且會將員工的客戶會說他認識的，然後他陪同新人去拜訪成交的案件他會要新人每月交出該業績獎金以現金的方式領給他,群益宜蘭分公司經理人陳美如霸凌員工，而且會將員工的客戶會說他認識的，然後他陪同新人去拜訪成交的案件他會要新人每月交出該業績獎金以現金的方式領給他
2025/5/17 下午 12:22:33,X南XX 苗X主管,務必達成已是她的口頭禪、ipo未達目標就是轉客戶、不給自來戶、扣客、寫報告、每天line回報、晨會言語羞辱、未達額度要在下一檔補齊！搞得員工筋疲力盡
2025/5/17 下午 12:23:34,某同事申請退休，券商經理要求做完ETF的額度才簽退休申請，語氣是潑婦罵街，看在眼裡，是心灰意冷,想對主管說，將心比心吧，人在做，天在看
2025/5/17 下午 1:24:28,我覺得你就是找得不夠多啦，你就只會用LINE，講過多少次了，你確實的找過了嗎，拿了多少資源了，你都來幾年了，看看某某某，為什麼他可以你怎麼不行，可以去問達成的人啊,IPO時把客戶都找過一遍，要做財管時才說你怎麼都沒有分類，客戶要做分類，我去你媽的，不找你又說找太少，賣這個他媽沒有賺錢的東西，只要爆一次客人還會信你做財管嗎？什麼一定有客戶需要，幹你娘的啊你的客戶是客戶，我的客戶不是客戶，去你的勒，客戶死光才再說阿你怎麼都沒數字，被客人罵的時候你有看到嗎？跟妳反應你他媽的不是腦包，就是耳包，把耳朵遮起來講話最大聲，媽的死老人，整天活在之前那個年代，幹不懂現在這世代的痛苦，去你媽的，沒牌還敢賣財管，洗老人，真噁心，不限用途3%，隨便買個債券ETF殖利率6、7%，幹你娘債券都不會跌啦，都會填息啦，整天講這種懶覺話，當客人是喜憨兒還是白癡
2025/5/17 下午 1:28:49,"鳥券商分公司負責人：
我們是一個團體，要為了團體榮譽一起達成目標

這個職位本來就要完成各項責任額，如果你完成不了我覺得你不適合這份工作，要麻煩你自己離開

（在晨會上）公開點名掛0的營業員把責任額移到下一次，說要把客戶抽掉","我想對這個文化說，員工不是公司的奴隸，沒有義務幫忙公司一起扛營運風險，分紅獎金沒有員工的份，但可以凹員工背責任額🙄

就算是公司擴招了過多營業員需要平衡營運成本，那該做的應該是資遣負貢獻的員工，而不是對員工進行壓榨

結果變成新營業員為了存活下去各種砍手續費各種跟銀行借錢來完成責任額

底層背責任，高層喝酒吃肉這樣合理嗎？"
2025/5/17 下午 1:40:05,"「每檔都必須完成，未完成累積到下一檔直到清零為止，不然就必須每天檢討夜摳」
「不要成為老鼠屎，不要拖累母子行」
「100%很難嗎？找熟客買一下就有了」
「別人都做的到，只有你不行就是你的問題」","沒有討厭IPO.但可不可以取消投資型保單的IPO
連高階主管都不願意買，一檔鎖6年，哪來那麼多新客戶新資金"
2025/5/17 下午 1:55:12,綠綠官夫人：（賠）這種小錢對市場大戶不算什麼啦！他在別家一定有賺到錢,那麼好賺 你怎麼從來都不自己認購或找號稱是你你找的客戶認
2025/5/17 下午 3:21:02,做不到就移轉客戶,投資需依照投資人需求，而不是為了賣而賣，出一堆話術騙客戶
2025/5/18 上午 1:31:43,業務領獎金，就該要做到公司的任務，IPo是公司的重要任務，要想辦法達成. 客戶關係好，就拜託客戶買.反正就是要達到目標,"1老闆能不能將心比心，如果換做拿老闆你自己的錢來買，都賠錢你還會買嗎？
2現在網路line通訊軟體是24小時，業務被上層老闆打擾也是24小時，可否要求老闆不要下班打擾呢？
3.IPo募集目標額，為何都是業務想辦法，老闆要以身做則，自己要参與才知道業務的問題
4.金融業的業務根客戶關係好是長期的信任建立，如果因ipo募集不斷賠錢，客戶跟業務關係也會變成不信任..人與人的相處關係就會變化.
上層老闆都是三年ㄧ任，頂多換公司，業務呢？年紀大轉職難，才會造成有人受不了自結生命的事件發生
"
2025/5/18 上午 2:08:09,這檔責任額沒做到，要補在下一檔,證券營業員專注回歸證券本業，財富管理爲輔，以客戶有需要提供商品選擇，不該以每項商品責任額爲導向，迫使需營業員要自掏腰包爲達成各項業績責任額
2025/5/18 上午 2:37:50,悍將隊,"每個月都有專案銷售e l n保險海外債,基金
上半年沒達標的就移轉客戶,或者強制到外地上課訓練,用這種威脅的方式,所以為了不想去外地訓練我們就得淘自己的錢做e l n買海外債,基金,尤其公司都希望我們賣後收基金因為這個手收比較高,,再來就是保險每年額度都要做到500萬以上,每週五都要寫下個月的成交數字,簡直幫我們當成理專在用
簡直是跟銀行沒兩樣
當初的勞動契約條件也沒有這些
但是有去用房子貸款拿一些錢投資順便應付公司的商品,真的已經快受不了了,希望IPO這個事件之後能夠往這一塊來發展,尤其叫我們銷售境外的FCN像美超微那個事件,幾乎客戶都接到美超微有的甚至停損,幸好我的客戶漲上去的時候有賣沒什麼損失
不然真的要赔錢,這個還是當初請之前的朋友幫忙買的,那公司還一直叫我們call客去找有3000萬的投資人來做專頭,銷售的話術就是說低接買股票還可以領利息,結果川普的關稅事件客戶都接到股票,明明川普執政還在辦專案eln的銷售目標,真的是為了達成上層的獲利目標,簡直是把營業員一人當成3人用
那市佔率併了日盛也掉了,又來要求營業員現貨市佔率,現在才知道要回歸到本業,可是客戶都已經快跑光了,然後資援分配也不均,現在都栽培新人資深的都放一邊,都沒有想到資深的才是最辛苦的一員,但是這個跟我們分點的主管沒有關係,我們這一點的主管非常好還會沒達成目標自己會掏錢買基金ETF
都是受到上層部長總經理的壓迫,一句命令全部達標,沒達標的分公司經理人就得上去喝咖啡,所以經理人才會這樣子壓迫下一層的營業員,所以重點就是那些上層,還有母分點的一些經理人的野心,不顧營業員的家計,要把這些無聊的經理人讓他們收斂,這樣子我們在證券業就會比較沒那麼壓力,我們想多賺錢的話我們自己就會去銷售而不是用強迫的責任額
"
2025/5/18 上午 4:09:11,賣投資型保單，不說明手續費，只說配息，也不說明情境分析，用配息率欺騙客戶。還有利用傳承型的保單，來彌補投資虧損，說是資產還原術。,財富管理是長期的規劃管理，團隊合作，創造出客戶的信任與支持，而非一昧的HOT SALE ，透過各種IPO銀行賺管理費，證券叫客戶賺價差，反而錯誤訊號，沒有賺到價差卻賠了本金，許多債券型的ETF原本應該要是中長期的投資卻變成短天期的炒價差工具，而且營業員昧著良心，法人資金部位都出場了，卻不斷地叫散戶一直進來撐場等著被割韭菜，然後法人的資金部位就可以順利賣出，這根本就是沒有良心的券商。
2025/5/18 上午 4:21:11,"罵營業員佔著茅坑不拉屎，
叫客戶換股，保險換單，營業員不用了解產品，帶專人去砍單，客戶約出來就好","
我們雖然年紀大了，我們幾十年對公司跟證券業的貢獻不是年輕主管你可以理解的，拿著點權力，把客戶移轉給你喜歡的年輕女性，其實是剝削了我們資深員工的收入，這是一種侵佔，逼迫我們賣高責任額的IPO，只有謾罵，當你受到公司表揚或者公司招待獎勵的時候，怎麼都沒有想到我們的努力"
2025/5/18 上午 4:23:14,不管是lpo的募集還是基金，壽險，海外債的目標額，一定要我們使命必達，不然公司會被扣kpi,"南區的部長，不要再用使命必達來要求我們，為了不傷到客戶，都是自己買單，真的賠了好幾百萬了，都不敢讓家人知道，真的很累，只想好好做本業的營業員心聲
"
2025/5/18 上午 6:14:23,"*上班不要閒聊趕快去做事。
*妳上班不認真摸魚，快去簽離職書。
*IPO務必要沒達標,不要害同事拿不到獎金。
*妳跟客戶說:不限用途貸款出來幫忙申購IPO ETF,貸款利率就降低。","        營業員也是人，主管交辦任務尚未達成就一直碎碎唸，8：30電話響了不讓出去接單，還說要測試有沒有電話。甚至下班時間到了還不放人，這是合理的嗎？
       每個月都有申購不完的ETF，配額越來越高超乎想像，一上市就破發，客戶都不想申購要等上市再買比較便宜，主管說不要因為你未達標害同事拿不到獎金逼迫 ，還要求跟要借不限用途客戶勸說：幫忙申購ETF就給他低利率，有條件的交換，但一上市後馬上破發，發行的投信都不用負責任的嗎？
       每個月領最低薪資，IPO額度還要自己拿出來做業績，上市後都是虧錢馬上賣出，因為還有下一檔要做，就這樣無限輪迴在痛苦中，不夠甚至還要貸款出來才夠，證券市佔率.期貨口數.複委託.開戶數.融資額度....還要承擔客戶違約風險，這個工作讓我壓力大到失眠了。"
2025/5/18 上午 10:49:23,"某主管：某某分公司都call到晚上八點才走
我們也會陪你們阿 便當錢經理會贊助你們","強迫我加班到八點不給加班費
做得這麼理直氣壯的
現在想想會氣到覺得可笑
21世紀了
還有這種18世紀工業革命時代招童工招的理所當然的惡劣主管 虧這家公司是上市公司 平常媒體報道的幸福是壓榨員工的薪水買的大外宣吧 勞基法你是當參考書？ 你的ipo業績大於勞基法？"
2025/5/18 上午 11:02:24,主管曾經分享其他分公司的業務透過不限用途換到一堆IPO跟財管業績，鼓勵公司同事用IPO優惠利率跟客戶交換條件保險業績或IPO如果客戶都沒貢獻就考慮調高客戶利率。,這裡是券商不是銀行，沒當過營業員的主管，真的不要整天拿銀行那套來套在我們身上，挖來的理專成績拿不出來，又要把財管壓力壓在營業員身上，沒那個實力就不要說大話，我是來當證券營業員的不是來當理專的
2025/5/18 上午 11:34:21,「看不懂你們為什麼遇到問題都不反映」,"其實我不是營業員：
現在做的雖然不是完全業務職，但是看到各家營業員被逼業績、要求賣ETF真的看不下去，上次某一檔ETF有個營業員掛0，因為他覺得那檔商品客人買了會受傷，所以選擇不賣
後來經理人在跟我閒聊的時候，主動和我提起這件事，還說：「幹林..（沒罵出三個字）他這樣給我掛0，叫他把離職單丟出來算了，要就好好做啊！不然就離職！」
當下我聽了真的很難過，但我也只能說「哎呀不至於啦！」..但是經理人依舊不依不饒，還要求那位營業員寫悔過書，真的看不下去！雖然我不是第一線營業員，但是看著各家業務員這樣被逼無奈..
晨會時也常常說「這個商品公司很重視」、「重中之重」、「務必達標」、「沒達標怎樣怎樣」聽了真的很難過，難道真的得要樣樣達標才是好的營業員嗎？營業員難道不是人嗎？那沒有營業員的話，公司又算什麼？
公司難道不是靠業務員在撐這些業績嗎？

各種事情炸鍋或是出問題的時候，經理人就會在營業台上喊：「所以啊，你們自己看啊，有問題又不提出來，這樣我要怎麼幫你們？」

主管確實不是我們的敵人，但除了納涼甩鍋 我沒看過經理人真的幫助業務什麼。"
2025/5/18 下午 12:38:35,你這樣不行，KPI都做不到，你保險要想辦法做到，不要想說逃的掉，年終領少不要怪我,我知是制度問題但可以不要每天晨會都在報怨並說我們搞你
2025/5/18 下午 12:46:16,富邦證券,ㄧ群為了升官的王八蛋（南區劉部長）
2025/5/19 上午 12:05:46,某券商因有回單機制，只要每月有配合的投信要求協銷IPO，券商要求100%達成責任額，若沒達成則分公司經理人要被召回總部檢討，如此情緒勒索營業員,IPO不該月月發行甚至要求100%達成，根本都是人情業績也沒落實KYP，上市就破發、每賣一戶少一戶，難道營業員要變成保險業務員那樣人人喊打？
2025/5/19 上午 12:16:26,合庫證券,分公司的2位廢物主管，對公司是負貢獻，沒幫公司賺過半毛錢就閉嘴好嗎 垃圾
2025/5/19 上午 12:17:09,永豐超業,如果你只做股票，那每個人都能取代你，那公司還要留你做什麼
2025/5/19 上午 1:39:16,我是銀行端理專，每天早上晨會都得先跟分行經理過一遍今天要談IPO的客戶，「客戶幾點要來分行？預計會下多少數字？」；中午邊吃飯也要邊問：「早上客戶有來嗎？有成交IPO數字多少？沒成交的原因？下午幾個客戶要好好把握，不能沒收單」，連吃飯都無法好好吃真的被逼到想吐！下午四點多也是全體會議室集合，再問一次下午來的客戶有沒有成交，目前明天約到幾個客戶來，客戶數沒約夠的準備5：30打完卡後留下來繼續call客，不然明天一早晨會又要被電到起飛，每天都是同樣的地獄輪迴,我是銀行理專，我好累，身邊因為壓力太大健康出狀況的比比皆是🥲我知道沒有主管願意如此逼迫底下的員工，但我們都是受害的一員，每個人都只是出來混口飯吃卻都被高額的目標額搞得裏外不是人。總說客戶要經營、要依客戶需求挑選產品，但只要一開始募集IPO，我們就只能心知肚明的讓客戶去賠錢，這真的是我們台灣的投資人想要的嗎？
2025/5/19 上午 2:17:48,你這檔達不到，下檔累積，留下來call客，禁公司，對公司還有什麼價值，公司不需要你這樣的人,產品是要客戶自行買賣，不是責任額，要員工自行完成，不完成就約談，這種恐懼，巳造成連夢都是ipo，壓力己大到看精神科，公司標榜的幸福企業，根本是自誇其言，每項業務要有達成額，人頭戶也没多少人，達不到業績，各種威脅迫害，逼人離職的手段，著實可惡
2025/5/19 下午 12:21:32,"一隻鳥海山分公司
古經理：業務沒有下班時間，20：30準時回報",幹你娘
2025/5/19 下午 12:22:58,某主管:同事都自己買了，就妳還沒有買，就差妳買，分公司才能達標。妳不買對其他同事不公平。,基金不是穩賺不賠！錢再輸贏，客戶的錢也是辛苦錢。
2025/5/19 下午 12:29:26,責任額做不到就回家睡覺；開分戶帳戶數未達標開罵，同事表示會請兒子幫忙開，主管馬上人身攻擊言語霸凌說：妳是多會生,為了保位以及可觀年終獎金無所不用其極言語霸凌，恐嚇移轉客戶，不能外出訪客，每日超過下班時間後再開會惡整營業員，霸凌營業員上行下效，只為表效忠高層
2025/5/19 下午 12:38:58,我身邊的同事,完全壓迫的公司
2025/5/20 上午 12:15:40,統二證券分公司主管，以禁止外出以及叩客表，未達標收回靜止戶，三個月沒交易就被列入靜止戶,統二證券至從凱基除役二貨來公司當主管，扣獎金，精神施壓，不理會勞基法已成常態，資深業務員離職退休增加，他們的業績收回成公單，給接單人員每億數百元的服務費，錯帳還是對半，沒人要接，後來給新人去處理，再來就是違約風險由業務員承擔，先扣全部的風險基金，不夠的再按月扣獎金的部分。
2025/5/20 上午 12:33:02,硬梆梆,勞請資深協理 不要這麼雙標 給一個完整的sop而不是他可以你不行 標準永遠都在變
2025/5/20 上午 1:04:32,某大金控南區最大分點主管，今早又在晨會講：不要當老鼠屎、不要當團隊負擔...等等情緒勒索的話，還說他最不喜歡在背後搞事的人,不成為眾人所愛，也不要成為眾人所棄，帶人不帶心，團隊分崩離析
2025/5/20 上午 8:27:27,公股券商,經理人，業務能力超級差，聽說以前是後台，只會說「使命必達，這一檔一定要百分百」。
2025/5/20 下午 2:56:07,"1.主管在工作的公共場合說：別的同事有成交到  為什麼你就沒有 如果你不想繼續做 那你可以離開目前這個位置
2.當初是在想辦法解決客戶對於公司的下單軟體的疑問與問題並把客戶的需求與狀況說明給主管  但主管覺得說：如果我嫌公司不好  那主管這也可以不用把公司可用資源給你
3.主管說：客戶是營業員的  營業員要能自己處理  跟主管說幹嘛 主管不太想處理他認為的小事
4.ipo的基金與etf要想辦法“使命必達”沒達到就扣考績 不給公司資源
5.當正在想辦法處理客戶的事情 主管認為我處理方式他不滿意 對我亂發脾氣  甚至把兩件毫不相干的事情扯在一起講 另外一件事還是跟客戶毫無相關的事 而且那件事請我沒犯下什麼錯誤  主官當下就曾說：我就情緒化  我就是想把這兩件事拉在一起講  之後就慢慢針對我這個人  對我做出惡意針對  有職場霸凌的疑慮  逼迫我離職  想辦法讓我知難而退","1.如果公司的主管認為說有利益時  客戶就是公司的  當有出問題是 客戶就是營業員的  主管只想處理他想處理的事情 這種管理方式與服務客戶的態度  根本沒資格在金融業當主管 2.還有我們是業務員 是要做銷售的工作去提高薪資和業務獎金  但不是公司管理層拿我們業務員來賺取不當的利益  甚至還用各種不合理的手段和方法去脅迫業務員  除了傷害了業務員  更讓客戶也身受其害 
3.主管如果要這麼公私不分  那麼的情緒化去處理公事  那這樣的主管也不適合在管理層  還有如果主管只想聽他想要的話  完全遵守著他的意思  台面上說可以提出任何意見 但等真的遇到事情要討論與處理時 講到主管他自己不喜歡聽的又會亂發脾氣 這時變成又不可以有任何其他意見  完全是一言堂 甚至還有各種方法去逼迫業務員  那這樣就不是一個正常且健康的職場
4.薪資的制度也是一樣  公司想要修改內容  應該是公司和員工好好坐下來詳細的談話  而不是拿了一張紙說公司要改  員工就一定要簽名  不簽名就用各種脅迫方式去惡意壓迫員工
以上這些親自發生過  如果都想替自己爭取權益 甚至透過法律去申張  那可能工作會保不住 甚至還有可能影響自己在金融業的發展  金融業的員工真的很弱勢"
2025/5/20 下午 3:20:18,彰銀某分行的經理讓大家推傷害險健康險去幫分行提升排名，但這種爛東西自然沒有人要買，只能自掏腰包，經理給壓力到襄理，襄理就會給壓力到我們，說什麼大家都買半年6000元的業績了，只有你們沒有，這樣不合適吧？問題是上半年就6000元，下半年還要再6000元耶！更別說還有其他的健康險車險還要繼續要錢了！經理開會的時候也會說要我們壓一定會送件的日期，讓我們去跟親戚朋友推，說這個很簡單吧？產險是必備的阿！讓親戚買一個應該不難吧？拜託！大家的意外險醫療險都含了這些東西了，為什麼還要多買阿？！大家自然不願意買，我們行員也只能自掏腰包去達成業績了。,我最想對主管和經理說：表格上說好可以扣分的，我就想扣分，不要用情勒的方式逼我們自掏腰包買業績，買了有什麼用？我們這些後台的櫃員考績還不是一樣都只能拿最爛的！那我還買個屁阿！去年兢兢業業的做，以為可以拿到理想的分數，結果後台全員都是最爛的，因為我們排名靠後，爛考績到名額就很多，阿全部都給到後台這邊，是怎樣？後台不是人嗎？
2025/5/21 下午 3:15:38,快到年底了，其他同仁都有招攬到高保障儲蓄險，就只有你沒有，我給你一個月時間，做一張高保障儲蓄險出來，不然考績看著辦！（報告經理，我是後台徵審人員，我接觸不到來銀行的客戶啊！）我不管，沒有客戶可以找親友啊！(報告經理，我沒有錢買儲蓄險。）銀行有員工優惠貸款，可以辦貸款出來做.......某官股銀行實際案例。（每個行員單獨叫進去經理室關起門來恐嚇）,在銀行工作20幾年，根本沒辦法依照自己的規劃存錢，一直都在透支做基金保險等責任額，我是來上班領薪水還是做功德的呢？
2025/5/22 上午 12:10:37,富邦證券新竹區某主管：達不到目標就抽走客戶；變相要求加班；要求早會收盤演練；拿公司薪水就是要替公司做事；就算讓營業員自己買也要達標不然就是讓家人幫忙買單,你讓我們買單，怎麼不以身作則自己先買，為了投信和高層的利益，犧牲營業員和客戶的投資權益和資訊不對等，內含成本和黑箱操作疑慮太大，成分股的股票漲幅和etf本身的淨值對不上
2025/5/22 上午 10:24:48,某主管說：若這次沒達到IPO的責任頟，額度加在下一檔IPO，反正就是會檢討到你達成目標,"營業員要賣保險，要推投信基金IPO，要推銀行信用卡，這些都不是本業營運項目，卻都要有責任額，金融市場應該只證劵營業員最卑微了，本業要承擔的業務風險已經夠大了、還要背負這些，不是要人活不下去嗎？而且主管還要求要加客戶line,等於24小時服務嗎？到底要怎麼過日子？"